formal,informal
"(['경희사이버대학교 외식조리경영학과에 재학중인 안민정(17학번) 학생이 최근 진행된 2019 TKC(Tous les Jours Korea Championship)에서 대상을 수상했다.',", 경희사이버대학교 외식조리경영학과에 다니는 안민정 학생이 최근에 있었던 2019 TKC(Tous les Jours Korea Championship)에서 대상을 수상했어요.
"'TKC(Tous les Jours Korea Championship)는 CJ푸드빌이 주최, 주관하는 대회로서 브랜드 제품의 효율적인 운영을 위한 다양한 아이디어 개발과 우수한 인재를 뽑기위한 대회다.',"," 'TKC(Tous les Jours Korea Championship)는 CJ푸드빌이 주관하는 대회이고, 제품 운영을 위한 다양한 아이디어 개발과 우수한 인재를 뽑기 위한 대회에요."
"'이번 대회는 최근 1인 가구 증가와 경기불황 등 소비자 니즈에 부합하는 소형케이크와 브랜드 제품의 효율적인 운영을 위한 틀을 사용한 빵이 출품 기준이였다.',",이번대회는 최근 1인 가구 증가와 경기불황등 소비자 니즈에 부합하는 소형케이크와 브랜드 제품의 효율적인 운영을 위한 틀을 사용한 빵이 출품 기준이였어요.
"'대회는 전국 1,300여개 매장에서 30명 선발과 함께 예선이 진행됐으며, 10명의 본선 진출자들과 재경연이 진행됐다.',","대회는 전국 1300여개 매장에서 30명 선발과 함께 예선이 진행됐고요, 10명의 본선 진출자들과 재경연이 진행됐어요."
"'대상을 수상한 경희사이버대 외식조리경영학과 안민정(17학번) 학생은 “경험하고 실패하고 또 경험하자는 말을 좋아한다.',","대상을 수상한 경희사이버대 외식조리경영학과 안민정 학생은 ""경험하고 실패하고 또 경험하자는 말을 좋아해요."""
"'결과 보다는 도전하는 것이 중요하다는 마음가짐으로 후회하지 않을 만큼 최선을 다하고 과정을 즐겼다.',",결과 보다는 도전하는 것이 중요하다는 마음가짐으로 후회하지 않을 만큼 최선을 다하고 과정을 즐겼어요.
"'생각지도 못한 대상을 받게되어 조금은 얼떨떨하다.',",생각지도 못한 대상을 받게되어 조금은 얼떨떨해요
"'더욱 열심히 하겠다”며 수상 소감을 전했다.',",'더욱 열심히 하겠어요'라며 수상 소감을 전했어요.
"'앞서 외식조리경영학과 안민정 학생은 올해 하반기 외식조리경영학과 3학년으로 편입학 했다.',",앞서 외식조리경영학과 안민정 학생은 올해 하반기 외식조리경역학과 3학년으로 편입학 했어요.
"'그녀는 “5년 동안 생산 기사로 근무하면서 일에 대한 회의감이 들었다.',",그녀는 5년동안 생산 기사로 일하면서 일에대한 회의감이 들었어요.
"'경희사이버대학교와 산업체 위탁 전형이 있다는것을 알게 되어 편입을 결심했다.',",경희사이버대학교와 산업체 위탁 전형이 있다는것을 알게 되어 편입을 결심했어요.
"'입학 후에 외식업계에 종사하고 있는 다양한 학우들과 교류를 통해 앞으로 가야 할 길을 찾고 목표와 꿈이 생겼다.',",입학 후에 외식업계에 종사하고 있는 다양한 학교친구들과 교류를 통해 앞으로 가야 할 길을 찾고 목표와 꿈이 생겼어요
"'대학생활을 통해 많은 것을 얻고 있는것 같다”고 대학 생활에 대해 전하며, “더불어 일과 학업에 대해 아낌없는 조언을 해주시는 외식조리경영학과 안성식 학과장님께 감사의 말을 드리고 싶다”고 말했다.',","대학생활을 통해 많은 것을 얻고 있는거 같아요라고 대학 생활에 대해 전했으며 ""더불어 일과 학업에 대해 아낌없는 조언을 해주시는 외식조리경영학과 안성식 학과장님께 감사의 말을 드리고 싶어요""라고 말했어요."
"'한편, 경희사이버대학교는 2020학년도 1학기 신·편입생을 모집한다.',","한편, 경희사이버대학교는 2020학년도 1학기 신,편입생을 모집해요."
"'모집기간은 지난 12월 1일(일)부터 2020년 1월 10일(금)까지다.',",모집기간은 지난 12월 1일부터 2020년 1월 10일 금요일까지에요
"'이번 모집학과(전공)는 미래·문화·글로벌리더십계열 소프트웨어디자인융합스쿨(컴퓨터정보통신공학전공, AI사이버보안전공, ICT융합콘텐츠전공, 산업디자인전공, 시각미디어디자인전공), 미래인간과학스쿨(재난방재과학전공, 공공안전관리전공), 보건의료관리학과, 한방건강관리학과, 후마니타스학과, NGO사회혁신학과, 상담심리학과, 사회복지학부(사회복지전공, 노인복지전공, 아동·보육전공), 미디어문예창작학과,  스포츠경영학과, 실용음악학과, 일본학과, 중국학과, 미국문화영어학과, 한국어문화학과, 한국어학과, 문화커뮤니케이션학부(미디어영상홍보전공, 문화예술경영전공), 마케팅·지속경영리더십학과, 글로벌경영학과 , 세무회계학과, 금융부동산학부(금융경제전공, 도시계획부동산전공), 호텔·레스토랑경영학과, 관광레저항공경영학부(관광레저경영전공, 항공·공항서비스경영전공), 외식조리경영학과이다.',","이번 모집학과(전공)는 미래·문화·글로벌리더십계열 소프트웨어디자인융합스쿨(컴퓨터정보통신공학전공, AI사이버보안전공, ICT융합콘텐츠전공, 산업디자인전공, 시각미디어디자인전공), 미래인간과학스쿨(재난방재과학전공, 공공안전관리전공), 보건의료관리학과, 한방건강관리학과, 후마니타스학과, NGO사회혁신학과, 상담심리학과, 사회복지학부(사회복지전공, 노인복지전공, 아동·보육전공), 미디어문예창작학과,  스포츠경영학과, 실용음악학과, 일본학과, 중국학과, 미국문화영어학과, 한국어문화학과, 한국어학과, 문화커뮤니케이션학부(미디어영상홍보전공, 문화예술경영전공), 마케팅·지속경영리더십학과, 글로벌경영학과 , 세무회계학과, 금융부동산학부(금융경제전공, 도시계획부동산전공), 호텔·레스토랑경영학과, 관광레저항공경영학부(관광레저경영전공, 항공·공항서비스경영전공), 외식조리경영학과에요."
"'“이건 세계 어느 시장에서도 통하겠는데.',",이건 세계 어느 시장에서도 통하겠어요.
"'국가별 장벽이 높지 않겠어.',",국가별 장벽이 높지 않겠어요.
"'”  에이앤이 네트웍스(A+E Networks)의 폴 부치에리 회장이 2018년 7월 한국 히스토리 채널에서 시작한 웹예능 ‘뇌피셜’을 처음 본 감상평이다.',",에이앤이 네트윅스(A+E Networks)의 폴 부치에리 회장이 2018년 7월 한국 히스토리 채널에서 시작한 웹예능 '뇌피셜'을 처음 본 감상평이에요.
"'가수 겸 예능인 김종민이 매회 새로운 출연자를 초청해 ‘남녀 사이에 친구가 가능한가’ ‘SNS는 친구일까, 웬수일까’ 등을 주제로 토론하는 콘셉트는 만국 공통의 관심사를 다룰 수 있기 때문이다.',","가수 겸 예능인 김종민이 매회 새로운 출연자를 초청해 '남녀 사이에 친구가 가능한가요?, 'SNS는 친구일까요?,웬수일까요?' 등을 주제로 토론하는 콘셉트는 만국 공통의 관심사를 다룰 수 있기 때문이에요."
"'에이앤이는 1984년 디즈니와 허스트가 합작해서 만든 글로벌 미디어 기업이다.',",에이앤이는 1984년 디즈니와 허스트가 합작해서 만든 글로벌 미디어 기업이에요.
"'본사는 미국에 있지만 220여개 국가에서 87개 채널을 통해 프로그램을 방영하는 에이앤이 입장에서는 좋은 포맷을 찾는 것이 가장 중요한 일 중 하나다.',",본사는 미국에 있지만 220여개 국가에서 87개 채널을 통해 프로그램을 방영하는 에이앤이 입장에서는 좋은 포맷을 찾는 것이 가장 중요한 일 중 하나에요.
"'2일 서울 광화문에서 만난 부치에리 회장은 “어떻게 하면 적합한 콘텐트를 만들고, 알맞은 장소에 가져다 놓을 수 있을 것인가를 항상 고민하는데 한국은 현재 콘텐트 지형도에서 중요한 위치를 차지하고 있는 나라”라고 밝혔다.',","2일 서울 광화문에서 만난 부치에리 회장은 ""어떻게 하면 적합한 콘텐트를 만들고, 알맞은 장소에 가져도 놓을 수 있을 것인가를 항상 고민하는데 한국은 현재 콘텐트 지형도에서 중요한 위치를 차지하고 있는 나라에요' 라고 밝혔어요."
"'미국 FOX를 비롯해 전 세계 44개국에 수출된 ‘복면가왕’(MBC)을 비롯해 ABC에서 리메이크해 현재 세 번째 시즌이 방영 중인 ‘굿닥터’(KBS) 등 한국 포맷에 대한 관심이 나날이 높아지고 있는 덕분이다.',",미국 FOX를 비롯해 전 세계 44개국에 수출된 '복면가왕'을 비롯해 ABC에서 리메이크해 현재 세 번째 시즌이 방영중인 굿닥터 등 한국 포맷에 대한 관심이 나날이 높아지고 있는 덕분이에요.
"'그는 “한국식 로맨틱 코미디가 가장 인기 있긴 하지만 리얼리티 쇼부터 웹드라마, 게임 방송까지 다양한 장르가 고루 잘 되는 점이 인상적”이라고 덧붙였다.',","그는 '한국식 로멕틴 코미디가 가장 인기 있긴 하지만 리얼리티 쇼부터 웹드라마, 게임 방송까지 다양한 장르가 고루 잘 되는 점이 인상적이에요' 라고 덧붙였어요."
"'에이앤이는 2017년 10월 한국 시장에 진출, 히스토리ㆍ라이프타임 등 2개의 TV 채널을 론칭한 이후 공격적으로 오리지널 프로그램을 선보이고 있다.',","에이앤이는 2017년 10월 한국 시장에 진출, 히스토리, 라이프타임 등 2개의 TV채널을 론칭한 이후 공격적으로 오리지날 프로그램을 선보이고 있어요."
"'TV 채널과 디지털에서 선보인 오리지널만 30여편에 달한다.',",TV 채널과 디지털에서 선보인 오리지널만 30여편에 달해요.
"'히스토리 채널 인지도가 상승하면서 미국 예능 ‘전당포 사나이들’이 인기를 끌자 지난달 박준형ㆍ데프콘이 물품을 감정하고 흥정하는 한국판 ‘트레저 헌터’를 론칭하기도 했다.',","히스토리 채널 인지도가 상승하면서 미국 예능 '전당포 사나이들'이 인기를 끌자 지난달 박준형,데프콘이 물품을 감정하고 흥정하는 한국판 트레저 헌터를 론팅하기도 했어요."
"'K팝 아이돌의 삶을 엿볼 수 있는 ‘아이돌맘’ ‘아이돌 런치박스’ 등은 인도네시아 등 동남아에서 뜨거운 반응을 보였다.',","K팝 아이돌의 삶을 엿볼 수 있는 아이돌맘, 아이돌 런치박스 등은 인도네시아 등 동남아에서 뜨거운 반응을 보였어요."
"'다큐멘터리 중심으로 서비스하던 일본 히스토리 채널은 한국 오리지널 콘텐트에 큰 관심을 보이며 ‘뇌피셜’ 등의 리메이크를 논의 중이다.',",다큐멘터리 중심으로 서비스 하던 일본 히스토리 채널은 한국 오리지널 콘텐트에 큰 관심을 보이며 뇌피셜등의 리메이크를 논의중이에요.
"'인터뷰에 동행한 쇼카토 바너지 아시아 총괄 대표는 “한국은 인터넷 속도가 빨라 언제 어디서나 원하는 동영상을 지체 없이 소비할 수 있기 때문에 이용 시간도 길고 피드백도 적극적인 편”이라며 “방송뿐 아니라 웹콘텐트 시장도 경쟁이 치열해 아시아 전체 트렌드를 이끌고 있다”고 설명했다.',",인터뷰에 동행한 쇼카토 바너지 아시아 총괄 대표는 '한국은 인터넷 속도가 빨라 언제 어디서나 원하는 동영상을 지체 없이 소빌할 수 있기 때문에 이용 시간도 길고요 피드백도 적극적인 편이에요' 라며 '방송뿐 아니라 웹콘텐트 시장도 경쟁이 치열해 아시아 전체 트랜드를 이끌고 있어요''라고 설명했어요.
"'가수 김건모(52)씨 차량에 있던 내비게이션 저장장치(SD카드)가 성폭행 의혹 고소 사건의 진실을 가릴 핵심 자료로 떠올랐다.',",가수 김건모씨는 차량에 있던 내비게이션 저장장치(SD카드)가 성폭행 의혹 고소 사건의 진실을 가릴 핵심 자료로 떠올랐어요.
"'경찰은 저장장치에 남겨진 기록을 통해 피해 주장 여성 측이 지목한 시기의 김건모 행방을 추적할 예정이다.',",경찰은 저장장치에 남겨진 기록을 통해 피해 주장 여성 측이 지못한 시기의 김검모 행방을 추적할 예정이에요.
"'11일 서울강남경찰서는 전날 김건모의 차량을 압수수색해 입수한 내비게이션 저장장치를 서울지방경찰청 디지털포렌식센터로 보내 분석을 의뢰했다.',",11일 서울강남경찰서는 전날 김건모의 차량을 압수수색해 입수한 내비게이션 저장장치를 서울 지방경찰정 디지털 포렌식센터로 보낸 분성을 의뢰했어요.
"'피해 주장 여성은 2016년 8월 논현동의 한 술집에서 김건모에게 성폭행을 당했다고 주장했는데, 경찰은 저장장치 분석을 통해 실제 김건모가 그 당시 해당 술집을 방문했는지 확인할 수 있을 것으로 기대하고 있다.',","피해 주장 여성은 2016년 8월 논현동의 한 술집에서 김건모에게 성폭행을 당했다고 주장했어요, 경찰은 저장장치 분석을 통해 실제 김건모가 그 당시 해당 술집을 방문햌했는지 확인할 수 있을 것으로 기대하고 있어요."
"'앞서 경찰은 피해 주장 여성인 A씨에 대한 조사에서 ""김건모가 차를 타고 업소로 찾아왔다""는 취지의 진술을 듣고, 차종과 색깔 등 추가 정황을 물었다.',","앞서 경창은 피해 주장 여성인 A씨에 대한 조사에서 '김건모가 차를 타고 업소로 찾아왔어요'라는 취지의 진술을 듣고, 차종과 색깔 등 추가 정황을 물었어요."
"'이에 A씨 진술에서 김건모 차량과 관련한 사실관계가 일부 맞는 점이 있다고 판단해 압수수색을 실시한 것으로 알려졌다.',",이에 A씨 진술에서 김건모 차량과 관련한 사실 관계가 일부 맞는 점이 있다고 판단해 압수수색을 실시한 것으로 알려졌어요.
"'경찰 관계자는 ""법원도 이같은 진술과 정황을 반영해서 압수수색 영장을 내준 게 아니겠느냐""고 말했다.',",경찰 관계자는 '법원도 이같은 진술과 정황을 반영해서 압수수색 영장을 내준 게 아니겠어요?'라고 말했어요.
"'경찰은 김건모의 차량이 이 업소를 들렀거나 주변을 거쳐갔다는 기록이 저장장치에 있는지 확인한 뒤, 추후 김건모의 진술 내용과 비교해 성폭행 의혹에 대한 사실 관계 판단에 활용할 예정이다.',","경찰은 김건모의 차량이 이 업소를 들렀거나 주변을 거쳐갔다는 기록이 저장장치에 있는지 확인한 뒤, 이후 김건모의 진술 내용과 비교해 성폭행 의혹에 대한 사실 관계를 판단에 활용할 예정이에요."
"'이번에 압수수색 받은 김건모의 차량은 TV를 통해 알려진 벤츠가 아닌 다른 차다.',",이번에 압수수색을 받은 김건모의 차량은 TV를 통해 알려진 벤츠가 아닌 다른 차에요.
"'경찰 관계자는 ""사건과 관련해 아직 그 어떤 예측도 할 수 없는 상황""이라고 말했다.',",경찰 관계자는 '사건과 관련해 아직 그 어떤 예측도 할 수 없는 상황이에요'라고 말했어요.
"'다만 경찰 내부에선 “만약 수사 결과가 김건모에 유리하게 나올 때, 피해 여성의 불복 제기 가능성을 최소화하기 위한 압수수색이었을 수 있다”는 말도 나온다.',","다만 경찰 내부에선 '만약 수사 결과가 김건모에 유리하게 나올 때, 피해 여성의 불복 제기 가능성을 최소화하기 위한 압수수색이었을 수 있다'라는 말도 나왔어요."
"'실제 2007년 한화 김승연 회장의 보복폭행 사건 당시 경찰은 김 회장의 차량을 압수수색해 실제 김 회장이 폭행 현장인 청계산 등에 간 적이 있는지 확인하려 했다.',",실제 2007년 한화 김승연 회장의 보복폭행 사건 당시 경찰은 김 회장의 차량을 압수수색해 실제 김 회장이 폭행 현장인 청계산 등에 간 적이 있는지 확인하려 했어요.
"'하지만 당시 결정적인 증거는 나오지 않았던 것으로 알려졌다.',",하지만 당시 결정적인 증거는 나오지 않았던 것으로 알려졌어요.
"'무고로 ‘맞불’ 놓은 김건모 측 변호사무혐의를 주장하는 김건모는 지난해 12월 13일 A씨를 맞고소한 상태다.',","무고로 맞불 놓은 김건모 측 변호사, 무혐의를 주장하는 김건모는 지난해 12월 13일 A씨를 맞고소한 상태에요."
"'김건모의 법률대리인인 고은석 변호사는 허위사실을 근거로 김씨를 고소했다며 A씨를 무고죄로 고소했다.',",김건모의 법률대리인인 고은석 변호사는 허위사실을 근거로 김씨를 고소했다며 A씨를 무고죄로 고소했어요.
"'고 변호사는 한양대 법학과를 졸업하고 1999년 사법연수원(28기)을 수료했다.',",고 변호사는 한양대 법학과를 졸업하고 1999년 사법 연수원 28기를 수료했어요.
"'이후 지난해 8월 변호사로 개업하기 전까지 검사로 근무했다.',",이후 지난해 8월 변호사로 개업하기 전까지 검사로 근무했어요.
"'그는 서울중앙지검 검사를 시작으로 대전지검·서울남부지검 등에서 근무했고 서울서부지검 부장검사, 대전지검 서산지청장을 거쳐 퇴직했다.',","그는 서울중앙지검 검사를 시작으로 대전지검,서울남부지검 등에서 근무했고 서울서부지검 부장검사, 대전지검 서산지청장을 거쳐 퇴직했어요."
"'차기 기업은행장에 윤종원 전 청와대 경제수석이 임명됐다.',",차기 기업은행장에 윤종원 전 청와대 경제수석이 임명됐어요.
"'3대 연속 내부출신 행장 배출의 전통이 10년 만에 깨졌다.',",3대 연속 내부출신 행장 배출의 전통이 10년 만에 깨졌어요.
"'2일 기업은행에 따르면 윤종원 전 수석이 3일자로 26대 기업은행장으로 취임한다.',",2일 기업은행에 따르면 윤종원 전 수석이 3일자로 26대 기업은행장으로 취임했어요.
"'기업은행장은 금융위원장의 제청으로 대통령이 임명한다.',",기업은행장은 금융위원장의 제청으로 대통령이 임명했어요.
"'윤 신임 행장은 전통 경제관료 출신이다.',",윤 신임 행장은 전통 경제관료 출신이에요.
"'행시 27회로 기획재정부 경제정책국장과 대통령 경제금융비서관, 국제통화기금(IMF) 상임이사, 주 경제협력개발기구(OECD) 대사를 지냈다.',","행시 27회로 기획재정부 경제정책국장과 대통령 경제금융비서관, 국제 통화기금(IMF)상임이사, 주 경제협력개발기구(OECD) 대사를 지냈어요."
"'기업은행은 이날 저녁 배포한 보도자료에서 “윤 신임 행장은 현 정부의 경제·금융정책의 큰 뿌리인 ‘포용적 성장’ ‘사람 중심 경제’ ‘혁신금융’에 대한 이해도가 높아서 기업은행의 핵심 역할을 한 단계 발전시킬 적임자”라고 평가했다.',","기업은행은 이날 저녁 배포한 보도자료에서 '윤 신임 행장은 현 정부의 경제,금융정책의 큰 뿌리인 포용적 성장,사람 중심 경제,혁신금융에 대한 이해도가 높아서 기업은행의 핵심 역할을 한단계 발전시킬 적임자라고 평가했어요."
"'윤 행장 임명은 김도진 전 기업은행장이 지난해 12월 27일 퇴임한 지 6일 뒤에야 이뤄졌다.',",윤 행장 임명은 김도진 전 기업은행장이 지난해 12월 27일 퇴임한 지 6일 뒤에야 이뤄졌어요.
"'당초 유력한 후보였던 반장식 전 청와대 일자리수석에 대해 기업은행 노조가 “금융 경험 없는 낙하산”이라고 반발해 결국 임명이 무산되면서 새 후보를 정하는 데 시간이 걸렸다.',",당초 유력한 후보였던 반장식 전 청와대 일자리수석에 대해 기업은행 노조가 금융 경험 없는 낙하산 이라고 반발해 결국 임명이 무산되었어요. 새 후보를 정하는데 시간이 걸렸어요.
"'결국 ‘예산통’ 반 전 수석 대신 거시경제 전문가인 윤 전 수석으로 교체했다.',",결국 예산통 반 전 수석 대신 거시경제 전문가인 윤 전 수석으로 교체했어요.
"'노조는 강하게 반발하고 있다.',",노조는 강하게 반발하고 있어요.
"'기업은행 노조 관계자는 “반장식, 윤종원 전 수석 둘 다 같은 낙하산이고 ‘청와대 수석 일자리 만들어 주기’일 뿐”이라고 말했다.',","기업 은행 노조 관계자는 반장식,윤종원 전 수석 둘 다 같은 낙하산이고 청와대 수석 일자리 만들어주기 일뿐 이라고 말했어요."
"'노조는 이날 본점 앞에 펜스를 설치하고 ‘출근 저지 투쟁’ 준비에 들어갔다.',",노조는 이날 본점 앞에 팬스를 설치하고 출근 저치 투쟁 준비에 들어갔어요.
"'윤 행장은 10년 만에 돌아온 관료 출신 기업은행장이다.',",윤 행장은 10년 만에 돌아온 관료 출신 기업은행장이에요.
"'기업은행은 2010년 12월 내부 공채 출신으로는 처음으로 조준희 행장이 취임했다.',",기업은행은 2010년 12월 내부 공채 출신으로는 처음으로 조준희 행장이 취임했어요.
"'이어 내부 출신인 권선주, 김도진 행장이 뒤를 이었다.',","이어 내부 출신인 권선주, 김도진 행장이 뒤를 이었어요."
"'국책은행(산업·수출입·기업은행) 중 유일하게 내부 출신 행장을 이어갔지만 결국 외부 출신으로 회귀했다.',",국책은행(산업·수출입·기업은행) 중 유일하게 내부 출신 행장을 이어갔지만 결국 외부 출신으로 회귀했어요.
"'과거 야당 시절 낙하산 기업은행장을 강하게 반대했던 더불어민주당은 이에 침묵하고 있다.',",과거 야당 시절 낙하산 기업은행장을 강하게 반대했던 더불어민주당은 이에 침묵하고 있어요.
'2013년 12월 당시 허경욱 전 기획재정부 차관이 기업은행장 후보로 떠오르자 국회 정무위원회 소속 민주당 의원 전원은 성명을 발표했다.,2013년 12월 당시 허경욱 전 기획재정부 차관이 기업은행장 후보로 떠오르자 국회 정무위원회 소속 민주당 의원 전원은 성명을 발표했어요.
"'“능력을 인정받은 내부출신 인사를 내치고 모피아(옛 재무부 출신 관료)를 낙하산으로 보내 얻을 게 없다”며 “정부는 좋은 관치도 있고 나쁜 관치도 있다고 강변하겠지만 관치는 독극물이고 발암물질”이라고 주장했다.',",능력을 인정받은 내부출신 인사를 내치고 모피아(옛 재무부 출신 관료)를 낙하산으로 보내 얻을 게 없다”며 “정부는 좋은 관치도 있고 나쁜 관치도 있다고 강변하겠지만 관치는 독극물이고 발암물질”이라고 주장했어요.
"'결국 박근혜 정부는 허 전 차관 대신 내부 출신이자 여성인 권선주 행장을 임명했다.',",결국 박근혜 정부는 허 전 차관 대신 내부 출신이자 여성인 권선주 행장을 임명했어요.
"'커지는 불확실성 속에서 재계 최고경영자(CEO)들이 내놓은 신년 메시지의 화두는 ‘미래’와 ‘고객’, ‘디지털 혁신’으로 요약된다.',","커지는 불확실성 속에서 재계 최고경영자(CEO)들이 내놓은 신년 메시지의 주요 단어는 미래, 고객, 디지털 혁신으로 요약돼요."
"'미래의 청사진을 그리고, 빠른 변화를 통해 성장 동력을 확보하겠다는 의지를 보여준 것으로 풀이된다.',","미래의 청사진을 그리고, 빠른 변화를 통해 성장 동력을 확보하겠다는 의지를 보여준 것으로 보여져요."
"'정의선 현대차그룹 수석부회장은 2일 신년회에서 “거대한 조직의 단순한 일원이 아니라 여러분 한 분, 한 분 모두가 스타트업의 창업가와 같은 마인드로 창의적 사고와 도전적 실행을 해주기 바란다”고 당부했다.',","정의선 현대차그룹 수석부회장은 2일 신년회에서 거대한 조직의 단순한 일원이 아니라 여러분 한 분, 한 분 모두가 스타트업의 창업가와 같은 마음으로 창의적 사고와 도전적 실행을 해주길 바란다 라고 말했어요."
"'전기차·자율주행차 등 다각화하는 미래 자동차 시장에서 주도권을 갖기 위해 발상의 전환을 주문한 것이다.',","전기차,자율주행차 등 여러방면으로 보는 미래 자동차 시장에서 주도권을 갖기 위해 발상의 전환을 주문한 것이에요."
"'그는 “올해는 2000년 현대차그룹으로 출발한지 20주년이 되는 뜻깊은 해”라며 “미래 시장에 대한 리더십 확보의 원년으로 삼고자 한다”고 밝혔다.',",그는 올해는 2000년 현대차그룹으로 출반한지 20주년이 되는 뜻 깊은해라고 미래 시장에 대한 리더쉽 확보의 원년으로 삼고자 한다고 말했어요.
"'이어 “그룹 총투자를 연간 20조원 규모로 크게 확대하고, 향후 5년간 총 100조원 이상을 투자할 계획”이라는 청사진을 내놨다.',","이어 그룹 총투자를 연간 20조원 규모로 크게 확대하고, 향후 5년간 총 100조원 이상을 투자학 계획이라는 청사진을 내놨어요."
"'전동화 시장 리더십을 확고히 하기 위해 2025년까지 11개 전기차 전용 모델을 포함해 총 44개의 전동화 차량을 운영할 계획이다.',",전동화 시장 리더십을 확고히 하기 위해 2025년 까지 11개 전기차 전용 모델을 포함해 총 44개의 전동화 차량을 운영할 계획이에요.
"'현대차그룹이 세계 최고 수준의 기술을 보유한 수소 전기차의 경우 올해부터는 차량뿐 아니라 연료전지시스템 판매를 본격화한다.',",현대차 그룹이 세계 최고 수준의 기술을 보유한 수소 전기차의 경우 올해부터는 차량뿐 아니라 연료전지 시스템 판매를 본격화 할거에요.
"'자율주행 분야는 미국 앱티브사와 설립한 현지 합작법인을 통해 2023년 상용화를 추진한다.',",자율주행 분야는 미국 앱티브사와 설립한 현지 합작법인을 통해 2023년 상용화를 추진해요.
"'정 부회장은 지난해 신년회에 데뷔했다.',",정 부회장은 지난해 신년회에 데뷔했어요.
"'당시 완성차 생산 목표를 내놓지 않아 이목을 끌었다.',",당시 완성차 생산 목표를 내놓지 않아 이목을 끌었어요.
"'올해 신년사에서도 완성차 목표 언급은 없었다.',",올해 신년사에서도 완성차 목표에 대한 말은 없었어요.
"'대신 그는 “완성차 사업은 권역별 책임 경영을 바탕으로, 수익성 중심의 사업운영 체제를 확립해야 한다”며 “자동차 기반의 혁신과 더불어 로봇·도심 항공 모빌리티(UAM)·스마트시티 같은 영역의 기술개발과 사업도 추진할 것”이라고 설명했다.',",대신 그는 완성차 사업은 권역별 책임 경영 바탕으로 수입석 중심의 사업운영 체제를 확립해야한고 말했고 자동차 기반의 혁신과 더불어 로봇 도심 항공 모빌리티(UAM)스마트 시티 같은 영역의 기술개발과 사업도 추진할 거라고 설명했어요.
"'“외부의 다양한 역량을 수용하는 개방형 혁신을 위해 기술과 비전, 인재가 있는 곳이라면 전 세계 어디라도 달려갈 것”이라는 게 그가 밝힌 포부다.',","외부의 다양한 역량을 받아들이는 개방형 혁신을 위해 기술과 비전, 인재가 있는 곳이라면 전세계 어디라도 달려 갈 거라고 말한게 그가 밝힌 포부에요."
"'구광모 (주)LG 대표는 시무식 대신 영상 메시지로 신년사를 내놨다.',",구광모 (주)LG 대표는 시무식 대신 영상 메시지로 신년사를 내놨어요.
"'구 대표의 신년사 영상은 5가지 질문에 대한 답변 형식으로 진행됐다.',",구 대표의 신년사 영상은 5가지 질문에 대한 답변 형식으로 진행됐어요.
"'‘고객 가치를 실행에 옮기기 위해서는 무엇부터 해야 할까요’ ‘고객의 마음을 읽었다면, 그다음에 가장 필요한 것은 무엇일까요?’ ‘고객 가치를 위한 실행에 몰입하려면 어떻게 해야 할까요?’ 등 순이었다.',","고객 가치를 실행에 옮기기 위해서는 무엇부터 해야 할까요’ ‘고객의 마음을 읽었다면, 그다음에 가장 필요한 것은 무엇일까요?’ ‘고객 가치를 위한 실행에 몰입하려면 어떻게 해야 할까요?’ 등 순이었어요."
"'구 대표는 “모든 것을 고객의 페인 포인트(Pain Point)에서 시작해야 한다”며 “페인 포인트는 고객이 우리에게 바라는 모든 것이고 고객의 마음을 정확하고 빠르게 읽기 위해 디지털 기술을 활용하는 지혜도 필요하다”고 강조했다.',",구 대표는 '모든 것을 고객의 페인 포인트(Pain Point)에서 시작해야 한다'고 말했으며 페인 포인트는 고객이 우리에게 바라는 모든것이고 고객의 마음을 정확하고 빠르게 읽기 위해 디지털 기술을 황용하는 지혜도 필요하다' 라고 강조했어요.
"'첫 번째 질문에 대한 답변이다.',",첫 번째 질문에 대한 답변이에요.
"'구 대표는 “올해 경영 환경이 그 어느 때보다 쉽지 않을 것이라는 얘기를 많이 하는데 그럴수록 고객 가치 실천을 위한 LG만의 생각과 행동을 더욱 다듬고 발전시켜야 한다”며 “2020년은 ‘고객의 마음으로 실천’이라는 것 하나 만큼은 우리 마음에 새기면 좋겠다”고 강조했다.',","구 대표는 올해 경영 환경이 그 어느 때 보다 쉽지 않을 것이라는 예기를 많이했어요, 그럴수록 고객 가치 실천을 위한 LG만의 생각과 행동을 더욱 다듬고 발전시켜야한다고 말했고 2020년은 고객의 마음으로 실천 이라는 것 하나 만큼은 우리 마음에 새기면 좋겠다고 강조했어요."
"'권봉석 LG전자 사장도 시무식을 대신해 임직원들에게 이메일을 통해 디지털 전환을 강조했다.',",권봉석 LG전자 사장도 시무식을 대신해 임직원들에게 이메일을 통해 디지털 전환을 강조했어요.
"'신동빈 롯데그룹 회장은 “우리가 영위하고 있는 모든 사업부문이 전 방위적 변화의 소용돌이 그 한가운데에 놓여있다”고 현 상황을 진단했다.',",신동빈 롯데그룹 회장은 우리가 누리고 있는 모든 사업부문이 전 방위적 변화의 소용돌이 그 한가운데에 놓여있다라고 현상황을 진단했어요.
"'이를 극복하기 위해 “고객과의 지속적인 공감(共感)을 통해 더 나은 가치를 제공해야 한다”고 강조했다.',",이를 극복하기 위해 고객과의 지속정인 공감을 통해 더 나은 가치를 제공해야 한다라고 강조했어요.
"'신 회장은 특히 “기존의 사업구조는 디지털 관점에서 재검토하여 혁신을 이뤄야 한다”고 강조했다.',",신 회장은 특히 기존의 사업구조는 디지털 관점에서 재검토하여 혁신을 이뤄야한다라고 강조했어요.
"'“디지털 전환을 통한 비즈니스 혁신은 우리가 반드시 이뤄나가야 하는 과제”라면서다.',",디지털 전환을 통한 비즈니스 혁신은 우리가 반드시 이뤄나가야하는 과제라고 했어요.
"'정용진 신세계그룹 부회장은 ‘쓴 고추냉이 속에 붙어사는 벌레에게 세상은 고추냉이가 전부’라는 말콤 글래드웰의 글을 인용해 “오랜 성공의 틀에서 효율성만 추구하다 사고의 유연성과 감수성이 경직돼 고객의 목소리를 잃게 되는 것을 경계하자”고 말했다.',",정용진 신세계 그룹 부회장은 '쓴 고추냉이 속에 붙어사는 벌레에게 세상은 고추냉이가 전부'라는 말콤 글래드웰의 글을 인용해 말했어요. 오랜 성공의 틀에서 효율성만 추구하다 사고의 유연성과 감수성이 경직돼 고객의 목소리를 잃게 되는 것을 경계하자라고 말했어요.
"'신년회 풍경이 달라지고 있는 점도 올해의 특징이다.',",신년회 풍경이 달라지고 있는 점도 올해의 특징이에요.
"'대강당에 모여 대표이사의 딱딱한 ‘훈화’를 듣는 방식에서 벗어나 격식과 틀을 벗어난 방식이 속속 등장하고 있다.',",대강당에 모여 대표이사의 딱딱한 훈화를 듣는 방식에서 벗어나 격식과 틀을 벗어난 방식이 속속 등장하고 있어요.
"'공감·소통 등을 강화하기 위한 움직임이다.',","공감,소통 등을 강화하기 위한 움직임이에요."
"'LG는 별도의 시무식을 없애고 온라인 동영상을 통해 신년 메시지를 전달하는 파격을 택했다.',",LG는 별도의 시무식을 없애고 온라인 동영상을 통해 신년 메시지를 전달하는 파격을 택했어요.
"'CJ그룹도 시무식 대신 사내방송으로 손경식 회장의 신년사를 방영했다.',",CJ그룹도 시무식 대신 사내방송으로 손경식 회장의 신년사를 방영했어요.
"'SK그룹도 최태원 회장의 신년사 없이 일반 시민과 고객·직원 등의 인터뷰와 특별 초청한 전문가들의 현장 발언, 신입사원 대담 같은 파격적 방식의 신년회를 열었다.',","SK그룹도 최태원 회장의 신년사 없이 일반 시민과 고객·직원 등의 인터뷰와 특별 초청한 전문가들의 현장 발언, 신입사원 대담 같은 파격적 방식의 신년회를 열었어요."
"'GS그룹 새 수장에 오른 허태수 회장은 이날 신년회를 자유롭게 대화할 수 있는 ‘스탠딩 토크’ 방식으로 진행하면서 “불확실성의 시대에 디지털 역량과 글로벌 역량을 갖춘 인재를 많이 확보하고 육성해달라”며 ‘디지털 전환’을 역설했다.',",GS그룹 새 수장에 오른 허태수 회장은 이날 신년회를 자유롭게 대화할 수 있는 '스탠딩 토크' 방식으로 진행했어요. 불확실성의 시대에 디지털 역량과 글로벌 역량을 갖춘 인재를 많이 확보하고 육성해달라라며 디지털 전환을 역설했어요.
"'정장에 넥타이 차림이던 정의선 부회장은 “신년회가 끝나고 바로 대한상공회의소 신년회에 참석해야 해서 정장 차림”이라며 “여러분은 여러분의 목적대로 (캐주얼 복장을) 입은 거고, 저는 제 목적대로 입은 것일 뿐”이라고 말했다.',","정장에 넥타이 차림이던 정의선 부회장은 신년회가 끝나고 바로 대한상공회의소 신년회에 참석해야 해서 정장 차림이라고 말하며 여러분은 여러분의 목적대로(캐주얼 복장을)입은 거고, 저는 제 목적대로 입은 것일뿐이라고 말했어요."
"'현대차그룹은 지난해부터 복장자율화를 시행, 캐주얼복장으로 일하고 있다.',","현대차 그룹은 지난해부터 복장자율화를 시행,캐주얼복장으로 일하고 있어요."
"'우동과 짜장을 한 데 섞어 우짜다.',",우동과 짜장을 한 곳에 섞으면 어쩌죠.
"'1980년대 항남동 골목길 포장마차에서 우연히 개발한 메뉴가 해장 음식으로 입소문을 타면서 통영 명물로 자리 잡았단다.',",1980년대 항남동 골목길 포장마차에서 우연히 개발한 메뉴가 해장 음식으로 입소문을 타면서 통영 명물로 자리 잡았어요.
"'처음엔 ‘이게 무슨 조화인가’ 싶지만, 입맛 당기는 마력이 있다.',",처음인 이게 무슨 조화인가 싶지만 입맛당기는 마력이 있어요.
"'35년 내력의 ‘항남우짜’에서는 한 그릇에 4500원을 받는다.',",35년 내력의 항남우짜에서는 한 그릇에 4500원을 받아요.
"'해장하려는 손님을 위해 요즘도 새벽 4시까지 문을 연다.',",해장하려는 손님을 위해 요즘도 새벽 4시까지 문을 열어요.
"'충무김밥의 추억 팔도 어디에나 널린 게 김밥집이지만, 김밥거리는 통영에만 있다.',","충무김바의 추억팔이도 어디에나 널린 게 김밥집이지만, 김밥거리는 통영에만 있어요."
"'강구안과 중앙시장 사이 통영해안로가 충무김밥거리인데, ‘원조’ ‘할매’ ‘3대’ 등의 문구를 내건 김밥집 17개가 줄줄이 늘어서 있다.',","강구안과 중앙시장 사이 통영해안로가 충무 김밥거리인데요, 원조, 할매, 3대 등의 문구를 내건 김밥집 17개가 줄줄이 늘어서 있어요."
"'김밥과 반찬을 따로 내는 충무김밥은 81년 5월 서울 여의도광장에서 열린 ‘국풍81’ 행사 때 널리 알려졌다.',",김밥과 반찬을 따로 내는 충무김밥은 81년 5월 서울 여의도광장에서 열린 국풍81 행사 때 널리 알려졌어요.
"'강구안에서 밥장사를 하던 어두리 할머니가 행사에서 통영식 김밥을 선보인 뒤 인기가 급부상했다.',",강구안에서 밥장사를 하던 어두리 할머니가 행사에서 통영식 김밥을 선보인 뒤 인기가 급부상했어요.
"'당시 통영의 지명이 충무였기에 자연히 ‘충무김밥’으로 세상에 각인됐다.',",당시 통영의 지명이 충무였기에 자연히 충무김밥으로 세상에 각인됐어요.
"'충무김밥의 역사는 사실 더 뿌리 깊다.',",충무김밥의 역사는 사실 더 뿌기 깊어요.
"'40년대부터 부산~여수를 오가는 승객을 상대로 통영 할매들이 뱃머리에서 팔던 음식이다.',",40년대부터 부산~여수를 오가는 승객을 상대로 통영 할매들이 뱃머리에서 팔던 음식이에요.
"'처음엔 김밥 안에 속을 넣어 말았는데 밥이 빨리 상해 버려 김밥 따로 반찬 따로 팔기 시작했단다.',",처음엔 김밥 안에 속을 넣어 말았는데 밥이 빨리 상해 버려 김밥 따로 반찬 따로 팔기 시작했어요.
"'여러 시행착오 끝에 매콤한 양념의 주꾸미(또는 오징어) 무침과, 무섞박지가 김밥의 짝으로 자리 잡았다.',","여러 시행착오 끝에 매콤한 양념의 주꾸미또는 오징어 무침과, 무섞박지가 김밥의 짝으로 자리 잡았어요."
"'삶은 계란과 사이다가 기차 여행의 필수였듯, 바다로 나설 땐 충무김밥이 먼저였다.',","삶은 계란과 사이다가 기차 여행의 필수 였듯, 바다로 나설 떈 충무김밥이 먼저였어요."
"'충무김밥은 김밥 8개와 오징어무침·무섞박지·시락국(또는 배춧국)이 기본 구성이다.',","충무김밥은 김밥 8개와 오징어무침,무섞박지,시락국 또는 배춧국이 기본 구성이에요."
"'충무김밥거리에선 1인분에 죄 5500원을 받는다.',",충무김밥거리에선 1인분에 죄 5500원을 받아요.
"'가격도, 구성도 비슷하지만 유독 ‘뚱보할매김밥집’에 사람이 많이 몰린다.',","가격도, 구성도 비슷하지만 유독 뚱보할매김밥집에 사람이 많이 몰려요."
"'충무김밥을 세상에 알린 어두리 할머니가 이 집 창업주다.',",충무김밥을 세상에 알린 어두리 할머니가 이 집 창업주에요.
"'꿀빵에는 꿀이 없다 통영을 대표하는 간식은 누가 뭐래도 꿀빵이다.',",꿀빵에는 꿀이 없어요. 통영을 대표하는 간식은 누가 뭐래도 꿀빵이에요.
"'팥소가 가득 찬 밀가루 빵을 기름에 튀긴 뒤에, 물엿을 입힌 간식 거리다.',","팥소가 가득 찬 밀가루 빵을 기름에 튀긴 뒤에, 물엿을 입힌 간식 거리에요."
"'꿀빵이지만 ‘꿀’이 들어가지는 않는다.',",꿀빵이지만 꿀이 들어가지는 않아요.
"'강구안 앞은 한 집 걸러 김밥집 아니면 꿀빵집이다.',",강구안 앞은 한 집 걸러 김밥집 아니면 꿀빵집이에요.
"'경쟁이 치열하다 보니 요즘은 맛 연구도 활발하다.',",경쟁이 치열하다 보니 요즘은 맛 연구도 활발해요.
"'팥앙금만 넣는 것이 전통 방식이지만, 요즘은 고구마·치즈·딸기·호박 등 첨가물이 점점 다양해지고 있다.',","팥앙금만 넣는 것이 전통 방식이지만요, 요즘은 고구마, 치즈, 딸기, 호박 등 첨가물이 점덤 다양해지고 있어요."
"'항남동의 ‘오미사꿀빵’이 통영식 꿀빵의 원조로 통한다.',",항남동의 오미사꿀빵이 통영식 꿀빵의 원조로 통해요.
"'63년 길가에 탁자 두 개를 놓고 빵을 팔았던 게 시작이다.',",63년 길가에 탁자 두 개를 놓고 빵을 팔았던 게 시작이였어요.
"'당연히 간판도 없었다.',",당연히 간판도 없었어요.
"'한참 뒤 단골이 부르던 대로 ‘오미사꿀빵’이 정식 이름이 됐단다.',",한참 뒤 단골이 부르던 대로 오미사꿀빵이 정식 이름이 됐어요.
"'1일 김정은 북한 국무위원장의 당 중앙위 전원회의 결과보고에는 핵·미사일 시험 유예(모라토리엄) 파기 위협 외에도 중요한 메시지들이 숨어 있다.',","1일 김정은 북한 국무위원장의 당 중앙위 전원회의 결과보고에는 핵,미사일 시험 유예(모라토리엄) 파기 위혐 외에도 중요한 말들이 숨어있어요."
"'1만자가 넘는 발표문 디테일에 숨은 악마가 무엇인지 전문가들의 분석을 빌어 ‘번역기’를 돌려봤다.',",1만자가 넘는 발표문에 숨은말이 무엇인지 전문가들의 분석을 빌어 번역기를 돌려봤어요.
"'김 위원장은 “핵 문제가 아니고라도 미국은 또 다른 그 무엇을 표적으로 정하고…군사·정치적 위협은 끝나지 않을 것”이라고 말했다.',","김 위원장은 핵문제가 아니고라도 미국은 또 다른 그 무엇을 표적으로 정하고...군사,정치적 위협은 끝나지 않을 것이라고 말했어요."
"'핵을 포기해도 미국이 다른 꼬투리를 잡을 테니 비핵화를 할 이유가 없다는 논리다.',",핵을 포기해도 미국이 다른 꼬투리를 잡을 테니 비핵화를 할 이유가 없다는 논리에요.
"'신범철 아산정책연구원 안보통일센터장은 “인권 압박을 염두에 둔 것으로 보인다”고 분석했다.',",신버멀 아산정책연구원 안보통일센터장은 인권 압박을 염두에 둔 것으로 보인다고 분석했어요.
"'발표문 중 국가의 ‘존엄’을 지키겠다는 표현이 네 차례나 등장하는 것도 인권 문제와 직결돼 있다는 것이다.',",발표문 중 국가의 존엄을 지키겠다는 표현이 네 차례나 등장하는 것도 인권 문제와 직결돼 있다는 거에요.
"'신 센터장은 “‘미국이 근본 이익과 배치되는 요구를 한다’고도 했는데, 핵과 인권 등으로 체제를 흔들려 한다는 불만”이라고 말했다.',",신 센터장은 미국이 근본 이익과 배치되는 요구를 한다고 했는데 핵과 인권등으로 체제를 흔들려 한다는 불만이라고 말했어요.
"'김 위원장은 ‘미래의 안전’을 포기하지 않겠다고도 두 번 말한다.',",김 위원장은 미래의 안전을 포기하지 않겠다고도 두 번 말했어요.
"'‘억제력’ ‘범접할 수 없는 힘’ 등의 표현도 다섯 차례 나온다.',","억제력, 범접할 수 없는 힘 등의 표현도 다섯 차례 나와요."
"'이는 핵 고도화 수단, 즉 ‘미래핵’ 능력의 강화를 뜻한다는 분석이다.',","이는 핵 고도화 수단, 즉'미래핵' 능력의 강화를 뜻한다는 분석이에요."
"'지난 2018년 9월 평양 남북 정상회담 뒤 문재인 대통령은 “풍계리 핵실험장에 이어 동창리 엔진시험장을 폐기한다면 이는 미래 핵 능력의 폐기”라고 했는데, 이를 뒤집은 셈이다.',",지난 2018년 9월 평양 남북 정상회담 뒤 문재인 대통령은 풍계리 핵실험장에 이어 동창리 엔진 시험장을 폐기한다면 이는 미래 핵 능력의 폐기라고 했는데 이를 뒤집은 셈이에요.
"'김 위원장은 “국방공업부문 일꾼들과 과학자들은 지난 3년 간 간고한 투쟁을 벌여 핵전쟁 억제력을 틀어쥐던 그 기세로”라고도 했다.',",김 위원장은 국방공업부문 일꾼들과 과학자들은 지난 3년 간 간고환 투쟁을 벌여 핵전쟁 억제력을 틀어쥐던 그 기세로라고도 했어요.
"'3년이면 북한의 핵실험과 장거리 미사일 시험발사 등 고강도 도발이 잇따르던 2017년뿐 아니라 북한이 협상 테이블에 나온 2018·2019년도 포함한다.',","3년이면 북한의 핵실험과 장거리 미사일 시험발사 등 고강도 도발이 잇따르던 2017년뿐 아니라 북한이 협상 테이블에 나온 2018,2019년도 포함한다고 말했어요."
"'김홍균 전 외교부 한반도평화교섭본부장은 “북한이 한·미에 완전한 비핵화를 약속해놓고도 핵능력은 계속 강화해왔다는 뜻으로 해석할 여지가 있다”고 말했다.',","김홍균 전 외교부 한반도평과교섭본부장은 북한이 한,미에 완전한 비핵화를 약해놓고 핵능력은 계속 강화해왔다는 뜻으로 해석할 여지가 있다고 말했어요."
"'김 위원장은 “당에서 구상하던 전략무기체계들이 수중에 하나씩 쥐어졌다”며 “이런 비약은 우리의 군사기술적 강세를 불가역적으로 만들 것”이라고 강조했다.',",김 위원장은 당에서 구상하던 전략무기체계들이 수중에 하나씩 쥐어졌다라며 이런 비약은 우리의 군사 기술적 강세를 불가역적으로 만들 것이라고 강조했어요.
"'완전하고 검증 가능하며 불가역적 비핵화(CVID) 중 ‘I’(Irreversible)에 찬물을 끼얹는 듯한 표현이다.',",완전하고 검증 가능하며 불가역적 비핵화(CVID) 중 I(Irreversible)에 찬물을 끼얹는 듯한 표현이에요.
"'또 핵억제력을 언급하며 “절대병기들도 성과이지만, 이 과정을 통해 과학기술의 쟁쟁한 인재부대가 자라난 것이 당이 더 소중히 여기는 성과”라고도 한 것을 보면 이는 더 명확해진다.',",또 핵억제력을 말하며 절대병기들도 성과이지만 이 과정을 통해 과학기술의 쟁장한 인재부다가 자라난 것이 당이 더 소중히 여기는 상과라고도 한 것을 보면 이는 더 명확해져요.
"'이른바 ‘핵 두뇌’로 일컬어지는 과학자들이 건재한 이상 핵을 폐기하더라도 충분히 재건이 가능하기 때문이다.',",이른바 핵 두뇌로 일컬어지는 과학자들이 건재한 이상 핵을 폐기하다러다도 충분히 재건이 가능하기 때문이에요.
"'이에 따라 트럼프의 관심도 북한을 떠났다.',",이에 따라 트럼프의 관심도 북한을 떠났어요.
"'김정은이 잠수함을 공개하거나 심지어 ICBM을 쏘며 ‘딜’을 요구해도 트럼프는 ‘그래서 어쩔건데’라며 의미를 축소할 것이다.',",김정은이 잠수함을 공개하거나 심지어 ICBM을 쏘며 ‘딜’을 요구해도 트럼프는 ‘그래서 어쩔건데’라며 의미를 축소할 거에요.
"'북한이 오판하면 안 되는 이유다.',",북한이 오판하면 안 되는 이유에요.
"'” 그러면 북·미 관계는 올 한 해 어떻게 전개될까.',",그러면 북·미 관계는 올 한 해 어떻게 전개될까요?.
"'“결국 김정은은 말로는 ‘정면돌파’를 내세우면서도 중국의 지원을 바탕으로 11월 미 대선까지 적당히 버티기 전략으로 나갈 것 같다.',",결국 김정은은 말로는 ‘정면돌파’를 내세우면서도 중국의 지원을 바탕으로 11월 미 대선까지 적당히 버티기 전략으로 나갈 것 같아요.
"'중국은 올 한 해 북한의 근로자 수출을 받아주고, 북한에 관광객을 보내줘 김정은의 숨통을 터줄 것이다.',","중국은 올 한 해 북한의 근로자 수출을 받아주고, 북한에 관광객을 보내줘 김정은의 숨통을 터줄거에요."
"'결국 갑갑한 한 해가 될 것 같다.',",결국 갑갑한 한 해가 될 것 같아요.
"'” 북한이 잠수함 공개나 ICBM 발사 같은 도발을 한다면 언제쯤일까?“2월 16일 김정일 생일과 4월 15일 사이가 분수령이다.',",북한이 잠수함 공개나 ICBM 발사 같은 도발을 한다면 언제쯤일까?“2월 16일 김정일 생일과 4월 15일 사이가 분수령이에요.
"'이 기간에 통상 한·미가 ‘키리졸브’ 연합 훈련을 해왔다.',",이 기간에 자주 한·미가 ‘키리졸브’ 연합 훈련을 해왔어요.
"'따라서 북한은 키리졸브 시점까지는 도발을 자제해 한·미의 훈련 자진 취소를 유도한 뒤 4·15 전후 도발을 강행할 공산이 있다.',",따라서 북한은 키리졸브 시점까지는 도발을 자제해 한·미의 훈련 자진 취소를 유도한 뒤 4·15 전후 도발을 시도할 확률이 있어요.
"'그런데 4·15는 한국의 총선일이니 북한은 자신들에 우호적인 더불어민주당에 유리하도록 총선까지는 자제하고 그 직후 도발할 가능성도 있다.',",그런데 4·15는 한국의 총선일이니 북한은 자신들에 우호적인 더불어민주당에 유리하도록 총선까지는 자제하고 그 직후 도발할 가능성도 있어요.
"'” 다른 위험 신호는 없나.',",다른 위험 신호는 없어요?.
"'“지난해 12월 21일 열린 당 중앙군사위 확대 회의에서 대남 군사 전략을 기존의 ‘점령통치’에서 ‘초토화’로 바꾼 것이다.',",지난해 12월 21일 열린 당 중앙군사위 확대 회의에서 대남 군사 전략을 기존의 ‘점령통치’에서 ‘초토화’로 바꾼 것이에요.
"'즉 남한을 점령 통치하는 대신 불바다로 만들어 없애버리기로 한 거다.',",즉 남한을 점령 통치하는 대신 불바다로 만들어 없애버리기로 한 거에요.
"'” 왜 그런 전략을 택했을까?“한국의 국력이 워낙 강하니, 점령통치는 불가능하다고 판단하고 초토화하기로 한 거다.',","왜 그런 전략을 택했을까?“한국의 국력이 워낙 강하니, 점령통치는 불가능하다고 판단하고 초토화하기로 한 거에요."
"'재래식 훈련 대신 미사일과 방사포 훈련만 집중하는 이유다.',",재래식 훈련 대신 미사일과 방사포 훈련만 집중하는 이유에요.
"'방사포는 정밀 타격이 아니라 일정 지역을 통째 없애버리는 무기다.',",방사포는 정밀 타격이 아니라 일정 지역을 통째 없애버리는 무기에요.
"'대단히 위험한 방향으로 가고 있다.',",대단히 위험한 방향으로 가고 있어요.
"'우리 군도 대응 전략을 수립해야 한다.',",우리 군도 대응 전략을 수립해야 해요.
"'” 그 밖에 눈에 띄는 대목은.',",그 밖에 눈에 띄는 대목은요.
"'“북한은 서열이 중요한데 군사위 확대 회의 사진을 보면 군 서열 톱인 김수길 총정치국장 바로 옆에 전략군사령관 김락겸이 앉았다.',",북한은 서열이 중요한데 군사위 확대 회의 사진을 보면 군 서열 톱인 김수길 총정치국장 바로 옆에 전략군사령관 김락겸이 앉았있어요.
"'핵 무력을 지휘하는 인물이다.',",핵 무력을 지휘하는 인물이에요.
"'과거엔 서열 10번째 자리에 앉았는데 두 번째로 격상된 거다.',",과거엔 서열 10번째 자리에 앉았는데 두 번째로 격상된 거에요.
"'북한군 내에서 핵 무력 비중이 엄청나게 커진 걸 알 수 있다.',",북한군 내에서 핵 무력 비중이 엄청나게 커진 걸 알 수 있어요.
"'” 우리는 어떻게 해야 하나.',",우리는 어떻게 해야 할까요.
"'“대한민국도 얻은 게 많다.',",대한민국도 얻은 게 많아요.
"'국민의 대북 인식이 현실화됐다.',",국민의 대북 인식이 현실화됐어요.
"'지난해 강연 나가 보면 참석자의 70~80%가 ‘김정은이 핵을 포기할 것’이라고 얘기했다.',",지난해 강연 나가 보면 참석자의 70~80%가 ‘김정은이 핵을 포기할 것’이라고 얘기했어요
"'그러나 지금은 그럴 거라 믿고 얘기하는 이가 없다.',",그러나 지금은 그럴 거라 믿고 얘기하는 이가 없어요.
"'대한상의가 청와대에 문 대통령의 행사 참여 여부를 타진한 건 지난해 12월 초 무렵이다.',",대한상의가 청와대에 문 대통령의 행사 참여 여부를 타진한 건 지난해 12월 초 무렵이에요.
"'이에 청와대는 지난해 연말 문 대통령의 불참을 최종적으로 통보했다고 한다.',",이에 청와대는 지난해 연말 문 대통령의 불참을 최종적으로 통보했다고 해요.
"'그러면서 “정부가 2일 여는 신년인사회에 재계 관계자들이 참석하기 때문에 3일 행사엔 참여가 어렵다”고 설명했다.',",그러면서 '정부가 2일 여는 신년인사회에 재계 관계자들이 참석하기 때문에 3일 행사엔 참여가 어렵다'라고 설명했어요.
"'하지만 대한상의 주최 신년인사회는 민간이 주도한다는 점에서 정부 합동 신년인사회와 다르다.',",하지만 대한상의 주최 신년인사회는 민간이 주도한다는 점에서 정부 합동 신년인사회와 달라요.
"'이에 앞서 청와대는 2017년 불참 당시에는 “평창 올림픽을 앞두고 일정이 많다”고 설명했다.',",이에 앞서 청와대는 2017년 불참 당시에는 평창 올림픽을 앞두고 일정이 많다라고 설명했어요.
"'2018년에는 “다른 단체들이 서운해할 수도 있어 경제계뿐 아니라 다른 단체 행사에도 참석하지 않기로 했다”고 불참 사유를 댔다고 한다.',",2018년에는 '다른 단체들이 서운해할 수도 있어 경제계뿐 아니라 다른 단체 행사에도 참석하지 않기로 했다'라고 불참 사유를 말했다고 해요.
"'그러면서 지난해 1월 2일 연 정부 신년인사회에 경제단체장과 4대 기업 총수 등 경제계 인사를 초청했다.',",그러면서 지난해 1월 2일 연 정부 신년인사회에 경제단체장과 4대 기업 총수 등 경제계 인사를 초대했어요.
"'올해도 지난해와 사정이 비슷하다.',",올해도 지난해와 사정이 비슷해요.
"'청와대는 2일 대한상공회의소에서 정부 합동으로 연 신년인사회에 경제 5단체장과 4대 기업 총수 등 경제계 대표를 초청했다.',",청와대는 2일 대한상공회의소에서 정부 합동으로 연 신년인사회에 경제 5단체장과 4대 기업 총수 등 경제계 대표를 초대했어요.
"'하지만 이들이 대통령과 따로 스킨십을 할 기회는 없었다.',",하지만 이들이 대통령과 따로 스킨십을 할 기회는 없었어요.
"'4대 기업에서도 대통령에게 전달할 건의사항을 따로 준비하지 않았다고 한다.',",4대 기업에서도 대통령에게 전달할 건의사항을 따로 준비하지 않았다고 해요.
"'대통령이 3년 연속으로 재계 신년인사회에 불참한 건 전례가 없다.',",대통령이 3년 연속으로 재계 신년인사회에 불참한 건 전례가 없어요.
"'1962년 첫 행사 이후 문 대통령 이전엔 대통령이 참석하지 않은 건 1984년(전두환·아웅산테러 사건), 2007년(노무현·2006년 4대 그룹 총수 간담회), 2017년(박근혜·탄핵소추로 직무정지)이 유일했다.',","1962년 첫 행사 이후 문 대통령 이전엔 대통령이 참석하지 않은 건 1984년(전두환·아웅산테러 사건), 2007년(노무현·2006년 4대 그룹 총수 간담회), 2017년(박근혜·탄핵소추로 직무정지)이 유일했어요."
"'대통령, 재계 신년인사회 3연속 불참 처음 이를 두고 재계에선 정부 출범 직후부터 이어진 ‘경제계 거리 두기’의 일환이란 해석이 나온다.',","대통령, 재계 신년인사회 3연속 불참 처음 이를 두고 재계에선 정부 출범 지궇부터 이어진 경제계 거리 두기의 일환이라고 해석이 나와요."
"'재계 관계자는 “경제 살리기를 정책 우선순위로 둔 마당에 재계 신년회에 3년 연속 불참하는 건 납득하기 어렵다”며 “경제를 살리자는 의지를 보여주는 측면에서 올해는 참석하는 게 좋았을 것 같다”고 말했다.',","재계 관게자는 경제 살리기를 정책 우선순위로 둔 마당에 재계 신년회에 3년 연속 불참하는건 납득하기 어렵다고 말했고, 경제를 살리자는 의지를 보여주는 측면에서 올해는 참석하는게 좋았을 것 같다라고 말했어요."
"'한 기업 임원은 “대통령이 경제인의 가감 없는 의견을 들을 기회를 포기했다는 측면에서 아쉽다”고 말했다.',",한 기업 임원은 대통령이 경제인의 거침없는 의견을 들을 기회를 포기했다는 측면에서 아쉽다고 말했어요.
"'익명을 요구한 또 다른 기업 임원은 “정초부터 쓴소리 하는 경제인이나 기업도 있겠지만 대통령께서 그런 얘기도 귀담아들어 주시면 좋겠다”며 “정부가 여는 행사에 기업인을 불러 양념처럼 들러리를 세우지 말아야 한다”고 말했다.',","익명을 요구한 또 다른 기업 임원은 정초부터 쓴소리 하는 경제인이나 기업도 있겠지만 대통령께선 그런 얘기도 귀담아들어 주시면 좋겠다라고 말하고, 정부가 여는 행사에 기업읜을 불러 양념처럼 들러리를 세우지말아야한다라고 말했어요"
"'그동안 재계 신년인사회는 대통령이 경제인과 만나며 의견을 나누는 창구로 활용됐다.',",그동안 재계 신년인사회는 대통령이 경제인과 만나며 의견을 나누는 창구로 활용됐어요.
"'노무현 전 대통령이 대표적이다.',",노무현 전 대통령이 대표적이에요.
"'노 전 대통령은 2005년 재계 신년인사회에 참석해 “중소기업도 장기 마라톤 레이스에서 대기업과 나란히 함께 뛸 수 있도록 그렇게 체력을 강화하는 정책을 그동안 구상해 왔고, 올해부터 바로 실천에 들어간다”고 말했다.',","노 전 대통령은 2005년 재계 신년인사회에 참석했어요, 중소기업도 장기 마라톤 레이스에서 대기업과 나란히 함께 뛸 수 있도록 그렇게 체력을 강화하는 정책을 그동안 구상해 왔고 올해부터 바로 실천에 들어간다라고 말했어요."
